WOTC CustID|LocCode|LocName|Loc_Address1|Loc_Address2|Loc_City|Loc_State|Loc_Zipcode|Loc_Phone
7763|undefined|0001|Books-A-Million Corp|402 Industrial Lane||Birmingham|AL|35211|
7763|undefined|0002|AWBC Florence|4350 Bryson Blvd||Florence|AL|35630|
7763|undefined|0003|AWBC BHAM|402 Industrial Lane||Birmingham|AL|35211|
7763|undefined|0004|Nashville|1897 General George Patton Dr|Ste. 106|Franklin|TN|37067|
7763|undefined|0005|American Internet Services|402 Industrial Lane||Birmingham|AL|35211|
7763|undefined|0006|Book Smart|602 John Aldridge Avenue||Tuscumbia|AL|35674|
7763|undefined|0007|CORP Irondale|131 25th Street South||Irondale|AL|35210|
7763|undefined|0010|Yogurt Mountain Home Office|402 Industrial Lane||Birmingham|AL|35211|
7763|undefined|0105|105 Abilene, TX BAM|4310 Buffalo Gap Road, #3500||Abilene|TX|79606|
7763|undefined|0106|106 Acworth, GA BAM|3372 North Cobb Parkway, Suite||Acworth|GA|30101|
7763|undefined|0108|108 Bham-Alabaster, AL BAM|300 Colonial Promenade Pky #10||Alabaster|AL|35007|
7763|undefined|0109|109 Aiken, SC BAM|1650 Richland Ave West #195||Aiken|SC|29801|
7763|undefined|0111|111 Albany, GA BAM|2601 Dawson Road, Space 3||Albany|GA|31707|
7763|undefined|0114|114 Aiken, SC|2441 Whiskey Road||Aiken|SC|29803|
7763|undefined|0116|116 Alexandria, LA BAM|3660 North Boulevard||Alexandria|LA|71301|
7763|undefined|0117|117 Alexandria-Old Town, VA BA|503 King Street||Alexandria|VA|22314|
7763|undefined|0118|118 Alexandria-Penn, VA BAM|6230-I N. Kings Highway||Alexandria|VA|22303|
7763|undefined|0119|119 Ames, IA BAM|1200 South Duff Ave||Ames|IA|50010|
7763|undefined|0124|124 Anderson, SC BAM|3423 Clemson Boulevard, Suite||Anderson|SC|29621|
7763|undefined|0134|134 Arundel Mills, MD BAM|7000 Arundel Mills Circle Spac||Hanover|MD|21076|
7763|undefined|0138|138 Asheville, NC BAM|136 South Tunnel Road||Asheville|NC|28805|
7763|undefined|0139|139 Asheboro, NC BAM|130 Randolph Mall||Asheboro|NC|27205|
7763|undefined|0149|149 Atlanta, GA BAM|5900 Sugarloaf Pkwy Space 321||Lawrenceville|GA|30043|
7763|undefined|0153|153 Auburn, ME BAM|550 Center Street||Auburn|ME|04210|
7763|undefined|0154|154 Auburn Hills, MI BAM|4230 Baldwin Road||Auburn Hills|MI|48326|
7763|undefined|0155|155 Aurora, IL BAM|195 Fox Valley Center|Space A-1|Aurora|IL|60504|6305857027
7763|undefined|0158|158 Barboursville, WV BAM|120 Mall Rd.||Barboursville|WV|25504|
7763|undefined|0159|159 Butler, PA BAM|101 Clearview Circle||Butler|PA|16001|
7763|undefined|0161|161 Augusta, GA BAM|2834 Washington Road||Augusta|GA|30909|
7763|undefined|0163|163 Bangor, ME BAM|116 Bangor Mall Blvd||Bangor|ME|04401|
7763|undefined|0167|167 Baton Rouge, LA BAM|2380 Towne Center Blvd||Baton Rouge|LA|70806|
7763|undefined|0169|169 Baton Rouge-Siegen, LA BAM|10533 South Mall Drive||Baton Rouge|LA|70809|
7763|undefined|0171|171 Beckley, WV BAM|1264 N. Eisenhower Drive||Beckley|WV|25801|
7763|undefined|0172|172 Beaumont, TX BAM|6155 Eastex Freeway - Suite C-||Beaumont|TX|77706|
7763|undefined|0174|174 Beverly Hills, MI BAM|31150 Southfield Road||Beverly Hills|MI|48025|248-723-7106
7763|undefined|0176|176 Biloxi, MS BAM|2650 Beach Blvd. Suite 45||Biloxi|MS|39531|
7763|undefined|0180|180 Birmingham Books & Co|757 Brookwood Village||Birmingham|AL|35209|
7763|undefined|0181|181 Bham Brookhighland, AL BAM|5287 Highway 280 South - #221||Birmingham|AL|35242|
7763|undefined|0197|197 Bham English Village Joe M|2037 Cahaba Road||Mountain Brook|AL|35223|
7763|undefined|0202|202 Bham-Hoover, AL BAM|1615 Montgomery Highway - Suit||Hoover|AL|35216|
7763|undefined|0206|206 Bluefield, WV BAM|261 Mercer Mall Road|Space 305|Bluefield|WV|15301|
7763|undefined|0216|216 Bham-Trussville, AL BAM|1624 Gadsden Hwy||Birmingham|AL|35235|
7763|undefined|0219|219 Bham-Summit, AL JM|238 Summit Blvd Ste. 219||Birmingham|AL|35243|
7763|undefined|0220|220 Bham Wildwood, AL BAM|140 Wildwood Parkway||Birmingham|AL|35209|
7763|undefined|0222|222 Bridgeport, WV|2399 Meadowbrook Road|Unit 150|Bridgeport|WV|26330|
7763|undefined|0224|224 Brandon, FL BAM|839 Brandon Town Center Mall||Brandon|FL|33511|
7763|undefined|0225|225 Bradenton, FL BAM|4225 14th Street West - US 41||Bradenton|FL|34205|
7763|undefined|0226|226 Bristol, VA BAM|16700 Highlands Center Blvd||Bristol|VA|24202|
7763|undefined|0228|228 Burlington, NC BAM|137 Huffman Mill Road||Burlington|NC|27215|
7763|undefined|0230|230 Brunswick, GA BAM|163 Golden Isles Plaza||Brunswick|GA|31520|
7763|undefined|0231|231 Branson, MO|985 Branson Hills Parkway||Branson|MO|65616|
7763|undefined|0232|232 Canton, GA BAM|1810 Ciumming Highway|Suite 610|Canton|GA|30114|
7763|undefined|0233|233 N. Canton, OH BAM|6751 Strip Ave NW||N. Canton|OH|44720|
7763|undefined|0234|234 Charleston, WV BAM|2107 Charleston Town Center||Charleston|WV|25389|
7763|undefined|0236|236 Charlotte, NC BAM|14151 Steele Creek Road Stuie||Charlotte|NC|28273|
7763|undefined|0237|237 Charlotte, NC BAM|330 South Sharon Amity Road||Charlotte|NC|28211|
7763|undefined|0238|238 Charleston, SC BAM|832 Orleans Road||Charleston|SC|29407|
7763|undefined|0239|239 N. Charleston, SC BAM|2150 Northwoods Boulevard - Un||North Charleston|SC|29406|
7763|undefined|0240|240 Charleston, WV BAM|212 RHL Boulevard||Charleston|WV|25309|
7763|undefined|0241|241 Chattanooga-Hamilton PL, T|2020 Gunbarrel Road - Suite 20||Chattanooga|TN|37421|
7763|undefined|0242|242 Chattanooga-North, TN BAM|5230-B Highway 153||Hixson|TN|37343|
7763|undefined|0243|243 Chicago-Lasalle, IL BAM|144 S. Clark Street||Chicago|IL|60603|
7763|undefined|0244|244 Cherry Hill, NJ BAM|2000 Route 38|Suite 1420|Cherry Hill|NJ|08002|
7763|undefined|0246|246 Christiansburg, VA BAM|2705 Market Street||Christiansburg|VA|24073|
7763|undefined|0247|247 Charleston, SC BAM|120 Market Street||Charleston|SC|29401|
7763|undefined|0248|248 Cinncinnati, OH BAM|3385 Princeton Road, #100||Hamilton|OH|45011|
7763|undefined|0252|252 Clarksville, TN BAM|125 South Hampton Drive||Clarksville|TN|37040|
7763|undefined|0253|253 Clarksville, IN BAM|757 East Lewis and Clark Pkwy|Ste 228|Clarksville|IN|47129|
7763|undefined|0254|254 Cuyahoga Falls, OH BAM|335 Howe Ave||Cuyahoga Falls|OH|44221|
7763|undefined|0255|255 Chicago Ridge, IL BAM|444 Chicago Ridge Mall|Space F-10|Chicago Ridge|IL|60415|7084234285
7763|undefined|0256|256 Chambersburg, PA BAM|3055 Black Gap Road|Space 3620|Chambersburg|PA|17202|
7763|undefined|0257|257 Cuyahoga Falls, OH BAM|335 Howe Ave||Cuyahoga Falls|OH|44221|
7763|undefined|0265|265 Cleveland, TN BAM|315 Paul Huff Pkwy NW||Cleveland|TN|37312|
7763|undefined|0267|267 Fairview Park, OH|3230 Westgate||Fairview Park|OH|44126|
7763|undefined|0275|275 Columbia-The Mall, MD BAM|10300 Little Patuxent Parkway||Columbia|MD|21044|
7763|undefined|0276|276 Columbia, MD BAM|6151 Columbia Crossings Circle||Columbia|MD|21045|
7763|undefined|0277|277 Columbia, SC BAM|164 Forum Drive||Columbia|SC|29229|
7763|undefined|0278|278 N. Columbia, SC BAM|275-1 Harbison Boulevard||Columbia|SC|29212|
7763|undefined|0279|279 Columbia-Trenholm, SC BAM|4840 Forrest Drive||Columbia|SC|29206|
7763|undefined|0280|280 Columbus, MS BAM|1434 Old Aberdeen Rd||Columbus|MS|39701|
7763|undefined|0281|281 Columbus, GA BAM|3201 Macon Road - #101||Columbus|GA|31906|
7763|undefined|0282|282 Columbus, GA BAM|3507 Manchester Expressway|Space 1|Columbus|GA|31909|
7763|undefined|0283|283 Concord, NH|76 Fort Eddy Road||Concord|NH|03301|
7763|undefined|0284|284 Concord, NC BAM|1480 Concord Parkway North|Space 168|Concord|NC|28025|
7763|undefined|0286|286 Concord Mills, NC BAM|8301 Concord Mills Blvd.||Concord|NC|28027|
7763|undefined|0287|287 Conway, AR BAM|1060 South Amity Road||Conway|AR|72032|
7763|undefined|0290|290 Cookeville, TN BAM|401 West Jackson Street #290||Cookeville|TN|38501|
7763|undefined|0291|291 Corbin, KY BAM|1000 E. Cumberland Gap Parkway||Corbin|KY|40701|
7763|undefined|0292|292 Corinth, MS BKLD|802 Cass Street||Corinth|MS|38834|
7763|undefined|0295|295 Covington, LA BAM|401 North US Highway 190||Covington|LA|70433|
7763|undefined|0299|299 Cullman, AL BAM|719 2nd Avenue NW||Cullman|AL|35055|
7763|undefined|0301|301 Cumberland, MD BAM|1262 Vocke Road||Cumberland|MD|21502|
7763|undefined|0303|303 Dalton, GA BAM|816 Walnut Square Blvd|Suite 52|Dalton|GA|30721|
7763|undefined|0305|305 Dalton, GA BKLD|2150 East Walnut Avenue||Dalton|GA|305721|
7763|undefined|0309|309 Books & Co. Dayton, OH|350 East Stroop Road||Dayton|OH|45429|
7763|undefined|0312|312 Daytona Bch., FL BAM|90 North Nova Road||Daytona|FL|32114|
7763|undefined|0313|313 Books & Co, OH BAM|4453 Walnut Street||Beaver Creek|OH|45440|
7763|undefined|0315|315 Daphne, AL BAM|6850 US Hwy 90, Ste.9||Daphane|AL|36526|
7763|undefined|0316|316 Daytona Beach, FL BAM|1700 W International Speedway|Suite 508|Daytona Beach|FL|32114|
7763|undefined|0321|321 Decatur, AL BAM|1682 Beltline Road Southwest -||Decatur|AL|35601|
7763|undefined|0322|322 Davenport, IA BAM|4000 East 53rd Street||Davenport|IA|52807|
7763|undefined|0323|323 Deerfield Bch., FL BAM|3825 West Hillsboro Blvd||Deerfield Bch|FL|33442|
7763|undefined|0324|324 Decatur, AL BAM|1241 Point Mallard Pkwy||Decatur|AL|35601|
7763|undefined|0325|325 Defiance, OH BKLD|1500 North Clinton Street|Space 11|Defiance|OH|43512|
7763|undefined|0326|326 Delray Bch., FL BAM|1630 South Federal Highway||Delray Beach|FL|33483|
7763|undefined|0328|328 Destin, FL BAM|4250 Legendary Drive, Space D-||Destin|FL|32541|
7763|undefined|0331|331 Douglasville, GA BAM|6700 Douglas Blvd.|Space 2240|Douglasville|GA|30135|
7763|undefined|0341|341 Dothan, AL BAM|3489 Ross Clark Circle  - #54||Dothan|AL|36303|
7763|undefined|0343|343 Dubuque, IA BAM|555 John F. Kennedy Rd||Dubuque|IA|52002|
7763|undefined|0344|344 Dulles, VA BAM|21100 Dulles Town Center Circl||Dulles|VA|20166|
7763|undefined|0350|350 Eau Claire, WI BAM|4030 Commonweath Avenue||Eau Claire|WI|54701|
7763|undefined|0351|351 Edwardsville, IL BAM|6601 Edwardsville Crossing Dr.||Edwardsville|IL|62025|
7763|undefined|0355|355 Exton, PA BAM|208 Exton Square|Space 1004|Exton|PA|19341|
7763|undefined|0359|359 Erie, PA BAM|654 Millcreek Mall|Unit 720|Erie|PA|16565|
7763|undefined|0361|361 Evansville, IN BAM|918 South Green River Road||Evansville|IN|47715|
7763|undefined|0363|363 Fairfax, VA BAM|11713 Fair Oaks Mall||Fairfax|VA|22030|
7763|undefined|0366|366 Fayetteville, NC BAM|1920 Skibo Road||Fayetteville|NC|28314|
7763|undefined|0369|369 Findlay, OH BAM|1800 Tiffin Avenue|Ste 189|Findlay|OH|45840|
7763|undefined|0375|375 Florence-Regency, AL BKLD|301 Cox Creek Parkway||Florence|AL|35630|
7763|undefined|0376|376 Florence, SC BAM|1945 West Palmetto||Florence|SC|29502|
7763|undefined|0377|377 Florence, AL BAM|302 Cox Creek Parkway||Florence|AL|35630|
7763|undefined|0378|378 Fredericksburg, VA BAM|137 Spotsylvania Mall|Unit 5800|Fredericksburg|VA|22407|
7763|undefined|0379|379 Fond Du Lac, WI BAM|835 West Johnson Street|Forest Mall|Fond Du Lac|WI|54935|
7763|undefined|0381|381 Ft. Lauderdale, FL BAM|12801 West Sunrise - Space 337||Sunrise|FL|33323|
7763|undefined|0385|385 Ft. Myers, FL BAM|5007 S. Cleveland Avenue||Fort Myers|FL|33907|
7763|undefined|0386|386 Ft Myers, FL BAM|9360 Dynasty Drive||Ft Myers|FL|33905|
7763|undefined|0387|387 Ft. Myers/Edison, FL BAM|4125 Cleveland Avenue|Suite 1200|Ft Myers|FL|33901|
7763|undefined|0390|390 Ft. Smith, AR BAM|7804 Rogers Avenue||Ft. Smith|AR|72903|
7763|undefined|0393|393 Ft. Walton, FL BAM|417C Mary Esther Cut-Off NW||Ft. Walton Bch|FL|32548|
7763|undefined|0394|394 Fultondale, AL BAM|3429 Lowery Parkway||Fultondale|AL|35068|
7763|undefined|0395|395 Gadsden, AL BKLD|1001 Rainbow Drive||Gadsden|AL|35901|
7763|undefined|0397|397 Gainesville-University, FL|2601 Northwest 13th Street||Gainesville|FL|32609|
7763|undefined|0398|398 Gainesville-The Oaks, FL B|6111 Newberry Road||Gainesville|FL|32605|
7763|undefined|0400|400 Gainesville, GA BAM|150 Pearl Nix Parkway Space D-||Gainesville|GA|30501-3563|
7763|undefined|0403|403 Gastonia, NC BAM|3710 East Franklin Blvd.||Gastonia|NC|28054|
7763|undefined|0409|409 Goldsboro, NC BAM|1101-D Berkeley Blvd||Goldsboro|NC|27534|
7763|undefined|0412|412 Grapevine Mills, TX BAM|3000 Grapevine Mills Parkway -||Grapevine|TX|76051|
7763|undefined|0413|413 Grapevine Mills, TX BAM|3000 Grapevine Mills Parkway -||Grapevine|TX|76051|9726916420
7763|undefined|0415|415 Greenbelt, MD BAM|6118 Greenbelt Road||Greenbelt|MD|20770|
7763|undefined|0416|416 Greensboro NC|1570-C Highwoods Blvd||Greensboro|NC|27410|
7763|undefined|0418|418 Greenville, SC BAM|2465 Laurens Road||Greenville|SC|29607|
7763|undefined|0420|420 Griffin, GA BKLD|1635 North Expressway||Griffin|GA|30223|
7763|undefined|0421|421 Gulf Shores, AL BAM|3800 Gulf Shores Parkway, Suit||Gulf Shores|AL|36542|
7763|undefined|0422|422 Hagerstown, MD BAM|17301 Valley Mall Road|Suite 0594|Hagerstown|MD|21740|582-2437
7763|undefined|0423|423 Hammond, LA BAM|2310 West Thomas Drive||Hammond|LA|70401|
7763|undefined|0424|424 Hanover, PA BAM|1155 Carlisle Street||Hanover|PA|17331|
7763|undefined|0425|425 Hampton, VA BAM|7 Towne Ceter Way||Hampton|VA|23666|
7763|undefined|0426|426 Gurnee, IL BAM|BAM 6170 W Grand Ave|Space 309|Gurnee|IL|60031|
7763|undefined|0427|427 Harrisburg, PA BAM|5125 Jonestown Rd.||Harrisburg|PA|17112|
7763|undefined|0428|428 Harrisonburg, VA BAM|1866-1 East Market Street||Harrisonburg|VA|22801|
7763|undefined|0431|431 Hattiesburg, MS BAM|6143 Hwy 98 Suite 40||Hattiesburg|MS|39402|
7763|undefined|0432|432 Hinsdale, IL BAM|Grant Square Center #12||Hinsdale|IL|60521|
7763|undefined|0439|439 Houston, TX|1201 Main St Ste 110 & 210||Houston|TX|77002|
7763|undefined|0441|441 Houma. LA BAM|1539 Martin Luther King Boulev||Houma|LA|70360|
7763|undefined|0442|442 Hot Springs, AR BAM|450 Cornerstone Blvd||Hot Springs|AR|71913|
7763|undefined|0444|444 Huntsville-Airport, AL BAM|975 Airport Road Southwest - S||Huntsville|AL|35802|
7763|undefined|0445|445 Huntsville-Mall, AL BAM|1001-7 North Memorial Parkway||Huntsville|AL|35801|
7763|undefined|0446|446 Huntsville, AL|2900 Memorial Pkwy SE #C||Huntsville|AL|35801|
7763|undefined|0464|464 Indianapolis, IN BAM|5750 West 86th Street, Suite 1||Indianapolis|IN|46278|
7763|undefined|0471|471 Jackson, TN BAM|1081 Vann Drive, Suite 106||Jackson|TN|38305|
7763|undefined|0476|476 Jackson, MS BAM|4950 1-55 North||Jackson|MS|39211|
7763|undefined|0484|484 Jacksonville-Mandarin, FL|11111-5 San Jose Boulevard||Jacksonville|FL|32223|
7763|undefined|0486|486 Jacksonville-Beach, FL BAM|738 Marsh Landing Parkway||Jacksonville Beach|FL|32250|
7763|undefined|0487|487 Jacksonville-Orange PK , F|Space C-25A 1910 Wells Road||Orange Park|FL|32073|
7763|undefined|0488|488 Jacksonville-Regency, FL B|9400-015 Atlantic Boulevard||Jacksonville|FL|32225|
7763|undefined|0489|489 Jacksonville, NC BAM|1250-B Western Boulevard||Jacksonville|NC|28546|
7763|undefined|0493|493 Janesville, WI BAM|2500 Milton Avenue|Space 103|Janesville|WI|53545|
7763|undefined|0509|509 Johnstown, PA BAM|500 Galleria Drive|179|Johnstown|PA|15904|
7763|undefined|0511|511 Johnson City, TN BAM|2116 North Roan Street||Johnson City|TN|37601|
7763|undefined|0512|512 Joplin, MO BAM|423 North Range Line Road||Joplin|MO|64801|
7763|undefined|0513|513 Jonesboro, AR BAM|1515 South Carraway Road||Jonesboro|AR|72401|
7763|undefined|0515|515 Katy Mills, TX BAM|5000 Katy Mills Circle #221||Katy|TX|77494|
7763|undefined|0516|516 Jupiter, FL BAM|6370 West Indiantown Rd||Jupiter|FL|33458|
7763|undefined|0517|517 Kansas City, KS BAM|1811 Village West Parkway, Stu||Kansas City|KS|66111|
7763|undefined|0520|520 Kissimmee FL BAM|2605 West Osceola Pkwy||Kissimmee|FL|34741|
7763|undefined|0524|524 Kingsport, TN - BAM|  2554 East Stone Drive||Kingsport|TN|37660|
7763|undefined|0530|530 Knoxville, TN BAM|8507 Kingston Pike||Knoxville|TN|37919|
7763|undefined|0560|560 Kokomo, IN BAM|1117 South Reed Road||Kokomo|IN|46902|
7763|undefined|0566|566 Leesburg, VA BAM|512 East Market Street|Space 19|Leesburg|VA|20176|
7763|undefined|0567|0567 Lancaster/Park City, PA B|124 Park City Center|Ste C0278|Lancaster|PA|17601|
7763|undefined|0568|568 Laredo, TX BAM|5300 San Dario Avenue|Space #108|Laredo|TX|78041|
7763|undefined|0569|569 Lafayette, LA BAM|4419 Ambassador Caffery||Lafayette|LA|70501|
7763|undefined|0570|570 Lima, OH BAM|2400 Elida Road|Space 736|Lima|OH|45805|4192213724
7763|undefined|0571|571 Lancaster, PA BAM|451 Park City Center|Ste A0828|Lancaster|PA|17601|
7763|undefined|0572|572 LaGrange, GA BKLD|1501 Lafayette Parkway - C-5||Lagrange|GA|30240|
7763|undefined|0573|573 Leesburg, VA BAM|59-B Catoctin Circle N.E.||Leesburg|VA|20176|
7763|undefined|0575|575 Lakeland, FL BAM|1520 Towne Center Drive||Lakeland|FL|33803|
7763|undefined|0576|576 Laurel, MD BAM|351 Montrose Ave||Laurel|MD|20707|
7763|undefined|0577|577 Lake Charles, LA BAM|2934 Ryan Street||Lake Charles|LA|70601-8511|
7763|undefined|0578|578 Lexington, SC BAM|918A  North Lake Drive||Lexington|SC|29072|
7763|undefined|0579|579 Leesburg, FL BAM|10401 US Highway 441||Leesburg|FL|34788|
7763|undefined|0581|581 Little Rock, AR BAM|2747 Lakewood Village Drive||North Little Rock|AR|72116|
7763|undefined|0584|584 Longview, TX BAM|422 West Loop 281 Ste. 400||Longview|TX|75604|
7763|undefined|0586|586 Louisville-Breckinridge, K|994 Breckenridge Lane||Louisville|KY|40207|
7763|undefined|0587|587 Louisivlle-Springhurst, KY|4300 Towne Center Drive - Suit||Louisville|KY|40241|
7763|undefined|0588|588 Lake Charles, LA|496 West Prien Lake Road||Lake Charles|LA|70601-8511|
7763|undefined|0589|589 Macon, GA BAM|2115 Eisenhower Pkway||Macon|GA|31206|
7763|undefined|0590|590 Mays Landing, NJ BAM|2200 Wrandleboro Road||Mays Landing|NJ|08330|
7763|undefined|0591|591 Madison-Huntsville, AL BAM|7830 Hwy 72 West Suite 200||Madison|AL|35758|
7763|undefined|0593|593 Martinsburg, WV BAM|300 Retail commons Parkway||Martinsburg|WV|25403|
7763|undefined|0596|596 McComb, MS BKLD|1722 Smithdale Road - Suite A2||Mccomb|MS|39648|
7763|undefined|0597|597 McLean, VA BAM|1451 Chain Bridge Road||McLean|VA|22101|
7763|undefined|0598|598 McDonough, GA BAM|1774 Jonesboro Road||McDonough|GA|30253|
7763|undefined|0599|599 McMinnville, TN BKLD|1410 Sparta Road, 3 Star Mall||Mcminnville|TN|37110|
7763|undefined|0602|602 Melbourne, FL BAM|4100 N. Wickham Road Ste. 117||Melbourne|FL|32935|
7763|undefined|0603|603 Manhattan, KS BAM|BAM 100 Manhattan Town Center|Space 225|Manhattan|KS|66502|
7763|undefined|0609|609 Southaven, MS BAM|135 Towne Square Blvd||Southaven|MS|38671|
7763|undefined|0616|616 Meridian, MS BAM|1187 Bonita Lakes Circle||Meridian|MS|39301|
7763|undefined|0619|619 Merrillville, IN BAM|2060 Southlake Mall|Space 704|Merrillville|IN|46410|
7763|undefined|0622|622 Meritt Island, FL BAM|777 East Merrit Island Causewa||Merritt Island|FL|32952|
7763|undefined|0623|623 Middlesboro, KY BKLD|US Highway 25 East||Middlesboro|KY|40965|
7763|undefined|0626|626 Mobile-Pinebook, AL BAM|3962 Airport Boulevard|Unit 14|Mobile|AL|36608|
7763|undefined|0628|628 Mobile-Belair, AL BAM|3206  Bel Air Mall||Mobile|AL|36606|
7763|undefined|0629|629 Monaca, PA BAM|233 Beaver Valley Mall||Monaca|PA|15061|
7763|undefined|0631|631 Monroe, LA BAM|1201 Lamy Lane||Monroe|LA|71201|
7763|undefined|0633|633 Monroe, MI BAM|2121 North Monroe Street||Monroe|MI|48161|
7763|undefined|0636|636 Montgomery, AL BAM|1534 Esatern Boulevard||Montgomery|AL|36117|
7763|undefined|0637|637 Montgomery, AL  BAM|7074 East Chase Parkway||Montgomery|AL|36117|
7763|undefined|0639|639 Morgantown, WV BAM|720 Venture Drive||Morgantown|WV|26508|
7763|undefined|0640|640 Morristown, TN BKLD|2550 East Morris Boulevard|Unit 21|Morristown|TN|37813|
7763|undefined|0647|647 Mt Juliet, TN BAM|401 South Juliet Road, Suite 4||Mt. Juliet|TN|37122|
7763|undefined|0652|652 Myrtle Beach, SC BAM|800 Coastal Grand Circle||Myrtle Beach|SC|29577|
7763|undefined|0653|653 Muncie, IN BAM|3501 North Grandville Avenue #||Muncie|IN|47303|
7763|undefined|0654|654 Murfreesboro, TN BAM|1923 Old Fort Parkway||Murfreesboro|TN|37129|
7763|undefined|0658|658 Myrtle Beach, SC BAM|10177 N. Kings Hwy, Space A-5||Myrtle Beach|SC|29572|
7763|undefined|0660|660 Myrtle Bch., SC BAM|10125 Highway 17 Bypass - Spac||Murrells Inlet|SC|29576|
7763|undefined|0661|661 Naples, FL BAM|2063 Tamiami Trail North||Naples|FL|34102|
7763|undefined|0662|662 Nashville-West, TN BAM|6718 Charlotte Pike||Nashville|TN|37209|
7763|undefined|0663|663 Nashville, TN BAM|1789 North Gallatin Pike||Nashville|TN|37115|
7763|undefined|0664|664 Naples FL|9100 Strada Place Ste 200||Naples|FL|34108|
7763|undefined|0665|665 Natchez, MS BKLD|350 John R. Junkin Drive||Natchez|MS|39120|
7763|undefined|0667|667  Niles, IL BAM|8331 Golf Road||Niles|IL|60714|
7763|undefined|0669|669 New Bern, NC BAM|3005 MLK Jr. Blvd||New Bern|NC|28562|
7763|undefined|0678|678 New Smyrna, FL BKLD|1944 State Road 44||New Smyrna Beach|FL|32168|
7763|undefined|0681|681 N. Conway, NH BAM|1500 White Mountain Highway||N. Conway|NH|03860|
7763|undefined|0682|682 Niles, OH BAM|2102 Niles-Cortland Rd Se||Niles|OH|44484|
7763|undefined|0683|683 Novi, MI BAM|27500 Novi Road||Novi|MI|48377|
7763|undefined|0684|684 Niles, OH BAM|5555 Youngstown Warren Rd|Unit 550|Niles|OH|44484|
7763|undefined|0711|711 Oak Ridge, TN BAM|310 South Illinois Avenue||Oak Ridge|TN|37830|
7763|undefined|0714|714 Ocala, FL BAM|2701 South West College Road -||Ocala|FL|34474|
7763|undefined|0719|719 Oklahoma City, OK BAM|2300 West Memorial Road||Oklahoma|OK|73134|
7763|undefined|0723|723 Opelika, AL BAM|2243 Tigertown Parkway||Opelika|AL|36801|
7763|undefined|0728|728 Omaha, NE BAM|12220 K Plaza||Omaha|NE|68137|
7763|undefined|0732|732 Orlando-Fern PK, FL BAM|167 State Rd.436 East||Fern Park|FL|32730|
7763|undefined|0733|733 Orlando-I-Drive, FL BAM|6701 Kirkman Road South||Orlando|FL|32819|
7763|undefined|0734|734 Orlando-Sanford, FL BAM|200 North Entrance Road||Sanford|FL|32771|
7763|undefined|0736|736 Orlando-Posner, Fl BAM|5600 Grandview Parkway||Davenport|FL|33837|
7763|undefined|0743|743 Owensboro, KY BAM|4606 Frederica Street||Owensboro|KY|42301|
7763|undefined|0746|746 Oxford, AL BAM|900 Quintard Drive - Suite A||Oxford|AL|36203|
7763|undefined|0747|747 Palm Coast, FL BAM|5220 State Route #100||Palm Coast|FL|32164|
7763|undefined|0748|748 Paducah, KY BAM|2929 James-Sanders Boulevard,||Paducah|KY|42001|
7763|undefined|0749|749 Palm Harbor, FL BAM|33550 US 19 North||Palm Harbor|FL|34684|
7763|undefined|0750|750 Panama City, FL BAM|811 East 23rd Street||Panama City|FL|32405|
7763|undefined|0751|751 Peachtree City, GA BAM|258 City Circle||Peachtree City|GA|30269|
7763|undefined|0752|752 Paramus, NJ BAM|Paramus Park Shopping Center|Suite 2115|Paramus|NJ|07652|
7763|undefined|0753|753 Pennsdale, PA BAM|300 Lycoming Mall Circle||Pennsdale|PA|17556|
7763|undefined|0754|754 Parkersburg/Vienna, WV BAM|100 Grand Central Mall|Space #365|Vienna|WV|26105|3044247247
7763|undefined|0756|756 Pensacola, FL BAM|6235 North Davis Highway||Pensacola|FL|32504|
7763|undefined|0764|764 Phildelpha, PA BAM|901 E Market Street|#1285|Phildelphia|PA|19107|
7763|undefined|0766|766 Willow Grove, PA BAM|2500 Moreland Avenue|# 3102|Willow Grove|PA|19090|
7763|undefined|0767|767 Pigeon Forge, TN BAM|190 Collier Dr.||Sevierville|TN|37862|
7763|undefined|0768|768 Pottstown, PA BAM|351 W Schuylkill Road|Suite #G-16|Pottstown|PA|19465|
7763|undefined|0769|769 Woodbridge/Potomac, VA BAM|2700 Potomac Mills Circle|Unit 115|Woodbridge|VA|22192|
7763|undefined|0777|777 Pt. Charlotte, FL BAM|1825 Tamiami Trail||Port Charlotte|FL|33948|
7763|undefined|0781|781 Pt. Richey, FL BAM|9570 US Highway 19 North||Port Richey|FL|34668|
7763|undefined|0783|783 Prattville, AL BAM|2724 Legends Parkway||Prattville|AL|36066|
7763|undefined|0784|784 Raleigh, NC BAM|7221 Sandy Forks Road||Raleigh|NC|27615|
7763|undefined|0785|785 Rapid City, SD|2130 N. Haines Avenue||Rapid City|SD|57701|
7763|undefined|0786|786 Richmond-Colonial Hts, VA|1891 Southpark Circle||Colonial Heights|VA|23834|
7763|undefined|0787|787 Richmond-Broad, VA BAM|8093 West Broad Street||Richmond|VA|23294|
7763|undefined|0788|788 Richmond-Midi, VA BAM|9131 Midlothian Turnpike||Richmond|VA|23235|
7763|undefined|0789|789 Roanoke, VA BAM|1515 Hershberger Road||Roanoke|VA|24012|
7763|undefined|0792|792 Reston, VA BAM|11620 Plaza America Dr||Reston|VA|20190|
7763|undefined|0793|793 Rocky Mount, NC BAM|1100 Weslayen Bvld.||Rocky Mount|NC|27804|
7763|undefined|0794|794 Rock Hill, SC BAM|540 John Ross Parkway||Rock Hill|SC|29730|
7763|undefined|0797|797 Roseville, MI - BAM|32411 Gratiot Avenue|Space 380|Roseville|MI|48066|5862961508
7763|undefined|0798|798 Rockaway, NJ BAM|301 Mount Hope Avenue|Space 1041|Rockaway|NJ|07866|
7763|undefined|0820|820 Salisbury, NC BAM|1935 Jake Alexander Boulevard||W. Salisbury|NC|28144|
7763|undefined|0821|821 Salina, KS BAM|2259 South 9th Street||Salina|KS|67401|
7763|undefined|0822|822 Sandusky, OH BAM|4314 Milan Rd||Sandusky|OH|44870|
7763|undefined|0823|823 Selinsgrove, PA BAM|A-12 Susquehanna Valley Mall||Selinsgrove|PA|17870|
7763|undefined|0826|826 San Antonio, TX BAM|5347 S. Loop 1604||San Antonio|TX|78249|
7763|undefined|0829|829 Sarasota, FL BAM|6591 S. Tamiami Trial||Sarasota|FL|34231|
7763|undefined|0833|833 Savannah, GA BAM|8108 Abercorn Street||Savannah|GA|31406|
7763|undefined|0834|834 Scranton/Dickson City, PA|100 Viewmont Mall||Scranton|PA|18508|
7763|undefined|0837|837 Sherman, TX BAM|3404 Town Center Street||Sherman|TX|75092|
7763|undefined|0838|838 Sebring, FL BAM|1716 US 27 North||Sebring|FL|33870|
7763|undefined|0842|842 Shreveport-Bossier, LA BAM|2001 Airline Drive - Suite 166||Bossier City|LA|71111|
7763|undefined|0844|844 Slidell, LA BAM|150 North Shore Blvd.|Space #2009|Slidell|LA|70460|
7763|undefined|0846|846 Sterling, VA BAM|46301 Potomac Run Plaza West-U||Sterling|VA|20164|
7763|undefined|0847|847 Shirlington, VA BAM|4017 S. 28th Street A-210||Shirlington|VA|22206|
7763|undefined|0848|848 Sumter, SC BAM|1057 Broad Street|Space 8|Sumter|SC|29150|
7763|undefined|0851|851 South Portland, ME BAM|430 Gorham Road||S. Portland|ME|04106|
7763|undefined|0852|852 Somerset, KY BKLD|4150 South Hwy 27|Space 11-B|Somerset|KY|42501|
7763|undefined|0853|853 Springhill, TN|1040 Crossings Blvd||Springhill|TN|37174|
7763|undefined|0855|855 Statesville, NC BKLD|1619 East Broad Street||Statesville|NC|28677|
7763|undefined|0856|856 St. Louis, Missouri BAM|5555 St. Louis Mills Boulevard||Hazelwood|MO|63042|
7763|undefined|0857|857 Statesboro GA|343 Henry Blvd||Statesboro|GA|30458|
7763|undefined|0858|858 Southern Pines, NC BAM|US 15-501 Hwy Dr & Morganton R||Southern Pines|NC|28387|
7763|undefined|0859|859 St Clairsville, OH BAM|67800 Mall Road|Space 120|St Clairsville|OH|43950|740-695-3680
7763|undefined|0860|860 Waynesboro, VA BAM|801 Town Center Drive||Waynesboro|VA|22980|
7763|undefined|0861|861 Springfield, PA BAM|1250 Baltimore Pike|Space L-31A|Springfield|PA|19064|6103284253
7763|undefined|0862|862 Stroudsburg, PA BAM|344 Stroud Mall Road|Space 430|Stroudsburg|PA|18360|
7763|undefined|0868|868 Strongsville, OH BAM|500 South Park Center|Space # BL-200|Strongsville|OH|44136|
7763|undefined|0872|872 Tallahassee-North, FL BAM|3521-E Thomasville Road||Tallahassee|FL|32308|
7763|undefined|0875|875 Terre Haute, IN BAM|3370 South US Hwy 41||Terre Haute|IN|47802|
7763|undefined|0877|877 Texarkana, TX BAM|3501 Mall Drive||Texarkana|TX|75503|
7763|undefined|0890|890 Perrysburg, OH BAM|2105 Levis Commons Blvd||Perrysburg|OH|43551|
7763|undefined|0893|893 Traverse City, MI BAM|2612 Crossings Circle||Traverse City|MI|49684|
7763|undefined|0894|894 Trumbull, CT BAM|5065 Main Street|Suite 114|Trumbull|CT|06611|203-372-0274
7763|undefined|0895|895 Tulsa OK|7404 S. Olympia Ave. West||Tulsa|OK|74132|
7763|undefined|0898|898 Tupelo, MS BAM|4324 Mall Drive||Tupelo|MS|38804|
7763|undefined|0904|904 Tuscaloosa, AL BAM|900 Skyland Boulevard East - S||Tuscaloosa|AL|35405|
7763|undefined|0920|920 Valdosta, GA BAM|1705-C Norman Drive||Valdosta|GA|31601|
7763|undefined|0922|922 Venice, FL BAM|4230 South Tamiami Trail||Venice|FL|34293|
7763|undefined|0923|923 Vero Beach, FL BAM|2006 58th Avenue||Vero Beach|FL|32966|
7763|undefined|0925|925 Vicksburg, MS BKLD|3505 Pemberton Square Boulevar||Vicksburg|MS|39180|
7763|undefined|0926|926 Vero Beach, FL BAM|6200 20th Street|#606|Vero Beach|FL|32966|
7763|undefined|0927|927 Viera, FL BAM|2251 Town Center Ave, Suite 10||Melbourne|FL|32940|
7763|undefined|0928|928 Vineland, NJ BAM|3849 South Delsea Drive||Vineland|NJ|08360|
7763|undefined|0929|929 Valley Stream, NY BAM|1117 Green Acres Mall||Valley Stream|NY|11581|
7763|undefined|0931|931 Virginia Beach, VA|3312 Princess Anne Rd #821||Virginia Beach|VA|23456|
7763|undefined|0940|940 Waco, TX BAM|2432 West Loop 340||Waco|TX|76711|
7763|undefined|0941|941 Waldorf, MD BAM|3304-A Crain Hwy||Waldorf|MD|20603|
7763|undefined|0942|942 Westminster, MD BAM|400 North Center Street||Westminster|MD|21157|
7763|undefined|0944|944 Warner Robbins, GA BAM|2620 Watson Blvd Suite D||Warner Robbins|GA|31093|
7763|undefined|0947|947 Western Springs, IL BAM|4700 Gilbert Road #43-A||Western Springs|IL|60558|
7763|undefined|0948|948 Washington-Dupont Circle,|11 Dupont Circle N.W.||Washington|DC|20036|
7763|undefined|0949|949 Wichita Falls, TX BAM|3111 Midwestern Parkway #410||Wichita Falls|TX|76308|
7763|undefined|0951|951 Williamsburg, VA BAM|1254 Richmond Rd.||Williamsburg|VA|23187|
7763|undefined|0953|953 Wilmington, NC BAM|3737 Oleander Drive||Wilmington|NC|28403|
7763|undefined|0954|954 Winchester, VA BAM|2198 South Pleasant Valley Roa||Winchester|VA|22601|
7763|undefined|0955|955 Wilson, NC BAM|2420 Forest Hills Road||Wilson|NC|27893|
7763|undefined|0956|956 Wheeling, WV BAM|520 Cabela Drive||Treiadelphia|WV|26059|
7763|undefined|0957|957 Waterford, CT BAM|915 Hatfordroad Turnpike||Waterford|CT|06385|
7763|undefined|0958|958 West Lebanon, NH|285 Plainfield Road||West Lebanon|NH|03784|
7763|undefined|0959|959 Washington, PA BAM|1500 West Chestnut Street|Space 264|Washington|PA|15301|
7763|undefined|0960|960 Woodbridge, VA BAM|2700 Potomac Mills Circle - Su||Woodbridge|VA|22192|
7763|undefined|0962|962 York, PA BAM|3000 Whiteford Rd.||York|PA|17402|
7763|undefined|0963|963 West Lebanon/Main, NH BAM|200 S. Main Street Suite 7 & 8||West Lebanon|NH|03784|
7763|undefined|1||402 INDUSTRIAL LANE||BIRMINGHAM|AL|35211|
7763|undefined|10|Home Office|402 INDUSTRIAL LANE||BIRMINGHAM|AL|35211|
7763|undefined|1001|1001 Brandon, FL Rilakkuma|Brandon Town Center|Space #673|Brandon|FL|33511|
7763|undefined|2||4350 BRYSON BLVD||FLORENCE|AL|35630|
7763|undefined|2100|2100 Hoover-2nd & Charles|1705 Montgomery Highway South||Hoover|AL|35244|
7763|undefined|2101|2101 Augusta GA 2nd & Charles|2834 Washington Road||Augusta|GA|30909|
7763|undefined|2102|2102 Dayton OH 2nd & Charles|350 East Stroop Road||Dayton|OH|45429|9372986540
7763|undefined|2103|2103 Fayetteville NC 2nd & Ch|1920 Skibo Road||Fayetteville|NC|28314|
7763|undefined|2104|2104 Jacksonville NC 2nd & Ch|1250 B Western Blvd||Jacksonville|NC|28546|
7763|undefined|2105|2105 Newark, DE 2nC|101 Geoffrey Drive||Newark|DE|19713|
7763|undefined|2106|2106 Woodbridge, VA 2NC|2904 Prince William Pkwy||Woodbridge|VA|22192|
7763|undefined|2107|2107 Harrisburg, PA 2NC|3501 Paxton Street||Harrisburg|PA|17111|
7763|undefined|2108|2108 Hagerstown, MD 2NC|17636 Garland Groh Blvd||Hagerstown|MD|21740|7907927
7763|undefined|2109|2109 Covington, LA 2NC|401 North US Highway 190||Covington|LA|70433|
7763|undefined|2110|2110 Aurora, CO 2nd & Charles|6606 S. Parker Road||Aurora|CO|80016|303-400-2948
7763|undefined|2111|2111 Broomfield, CO 2nC|1 W. Flatiron Crossing Circle|Suite 332|Broomfield|CO|80021|
7763|undefined|2112|2112 Naperville, IL 2nC|336 South Route 59||Naperville|IL|60540|
7763|undefined|2113|2113 Columbia, SC 2nC|275-1 Harbison Blvd||Columbia|SC|29212|
7763|undefined|2114|2114 Kennesaw GA 2nd & Charles|815 Earnest W. Barrett Pkwy NW||Kennesaw|GA|30144|
7763|undefined|2116|2116 Auburn Hills, MI 2nC|3924 Baldwin Road||Auburn Hills|MI|48326|
7763|undefined|2117|2117 Greenville, SC 2nd & Char|2465 Laurens Road||Greenville|SC|29607|
7763|undefined|2118|2118 Beaumont, TX 2NC|6155 Eastex Freeway|Suite C324|Beaumont|TX|77706|
7763|undefined|2119|2119 Bossier City, LA 2NC|2001 Airline Drive - Suite 166||Bossier City|LA|71111|
7763|undefined|2120|2120 Dothan, AL 2nd & Charles|3525 Ross Clark Circle|Suite 300|Dothan|AL|36303|303-400-2948
7763|undefined|2121|2121 Charlotte, NC 2NC|5331 South Blvd||Charlotte|NC|28217|
7763|undefined|2122|2122 Athens, GA 2NC|2656 Atlanta Highway|Suite 2|Athens|GA|30606|
7763|undefined|2123|2123 Allentown, PA 2NC|2590 MacArthur Road||Whitehall|PA|18052|
7763|undefined|2124|2124 Columbus, GA 2nc|3201 Macon Road - #101||Columbus|GA|31906|
7763|undefined|2125|2125 Gainesville, FL 2NC|2601 NW 13th Street|Suite 2601|Gainesville|FL|32609|
7763|undefined|2126|2126 Midlothian, VA 2nC|12244 Hull Street Road||Midlothian|VA|23112|
7763|undefined|2127|2127 Buford, GA 2nC|1705 Mall of Georgia Blvd||Buford|GA|30519|
7763|undefined|2128|2128 Richmond/Tuckernuck, VA 2|9004 West Broad Street||Richmond|VA|23294|
7763|undefined|2129|2129 Utica, MI 2nC|45290 Utica Park Blvd||Utica|MI|48315|
7763|undefined|2130|2130 Newport News, VA 2nC|12747 Jefferson Avenue||Newport News|VA|23602|
7763|undefined|2131|2131 Highland, IN 2nC|10239 Indianapolis Blvd||Highland|IN|46322|
7763|undefined|2132|2132 Laredo, TX 2nc|5410 San Bernardo Avenue||Laredo|TX|78041|
7763|undefined|2133|2133 Littleon, CO 2NC|8500 W.Crestline, Unit K||Littleton|CO|80123|
7763|undefined|2134|2134 Madison, AL 2NC|8050 Highway 72 West||Madison|AL|35758|
7763|undefined|2135|2135 Jacksonville, FL 2NC|4972 Town Center Pkwy, Suite 1||Jacksonville|FL|32246|
7763|undefined|2136|Oxford, AL 2nC|900 Quintard Drive Suite A||Oxford|AL|36203|
7763|undefined|2137|2137 Conroe, TX 2NC|1306 West Davis Street||Conroe|TX|77304|
7763|undefined|2138|2138 Houma, LA 2NC|1544 Martin Luther King Blvd||Houma|LA|70360|
7763|undefined|2139|Fort Collins, CO 2NC|4417 Corbett Drive||Fort Collins|CO|80525|
7763|undefined|2140|2140 Owensboro,KY 2NC|2520 Calumet Trace||Owensboro|KY|42303|
7763|undefined|2141|2141 Lubbock, TX 2NC|6066 Marsha Sharp Freeway||Lubbock|TX|79407|
7763|undefined|2142|2142 Chantilly, VA SNC|13653D Lee Highway, Route 50||Chantilly|VA|22021|
7763|undefined|2143|2143 Matthews, NC 2NC|9903 Independence Blvd||Matthews|NC|28105|
7763|undefined|2144|2144 Gurnee, IL SNC|6108 W. Grand Ave.||Gurnee|IL|60031|
7763|undefined|2145|2145 Hixson, TN SNC|5756 Highway 153||Hixson|TN|37343|
7763|undefined|2146|2146 Hixson, TN SNC|5756 Highway 153||Hixson|TN|37343|
7763|undefined|2147|2147 Miramar Beach, FL 2NC|130 Scenic Gulf Drive # 4950||Miramar Beach|FL|32541|
7763|undefined|2148|Tuscaloosa, AL 2nd & Charles|2306 McFarland Blvd. East||Tuscaloosa|AL|35404|
7763|undefined|3108|3108 YoMo Alabaster, AL|300 Colonial Promenade Pky|Suite 2200|Alabaster|AL|35007|663 9017
7763|undefined|3134|3134 YoMo Arundel Mills, MD|7000 Arundel Mills Circle||Hanover|MD|21076|
7763|undefined|3176|3176 YoMo Biloxi, MS|2600 Beach Blvd, Suite 70||Biloxi|MS|39531|5946823
7763|undefined|3197|3197 YoMo Mountain Brook, AL|2037 Cahaba Road||Mountain Brook|AL|35223|
7763|undefined|3240|3240 YoMo Charleston, WV|212 RHL Blvd||Charleston|WV|25309|7462984
7763|undefined|3253|3253 YoMo Clarksville, IN|757 E Lewis and Clark Parkway|Ste 228|Clarksville|IN|47129|
7763|undefined|3286|3286 YoMo Concord Mills, NC|8301 Concord Mills Blvd.||Concord|NC|28027|
7763|undefined|3313|3313 YoMo Beaver Creek, OH|4453 Walnut Street||Beaver Creek|OH|45440|
7763|undefined|3387|3387 YoMo Ft Myers, FL|4125 Cleveland Avenue|Suite 1200|Ft. Myers|FL|33901|
7763|undefined|3487|3487 YoMo Orange Park, FL|1910 Wells Road||Orange Park|FL|32073|
7763|undefined|3515|3515 YoMo Katy, TX|5000 Katy Mills Circle|Space #221|Katy|TX|77494|
7763|undefined|3517|3517 YoMo Kansas City, KS|1859 West village Parkway|Suite F-101|Kansas City|KS|66111|
7763|undefined|3575|3575 YoMo Lakeland, FL|1520 Towne Center Drive||Lakeland|FL|33803|
7763|undefined|3577|3577 YoMo Lake Charles, LA|2940 Ryan Street||Lake Charles|LA|70601|
7763|undefined|3622|3622 YoMo Merritt Island, FL|777 E. Merritt Island Causeway|Suite 115|Merritt Island|FL|32952|453-5177
7763|undefined|3658|3658 YoMo Myrtle Beach, SC|10177 North Kings Highway|Space A-5|Myrtle Beach|SC|29572|3611674
7763|undefined|3777|3777 YoMo Port Charlotte, FL|1825 Tamiani Trail||Port Charlotte|FL|33948|6290340
7763|undefined|4||1814 HAYES STREET||NASHVILLE|TN|37203|
7763|undefined|4001|YoMo Cahaba Village|3000 Cahaba Village Pkwy|Ste 120|Birmingham|AL|35243|970-7778
7763|undefined|4002|YoMo Tuscaloosa|1800 McFarland Blvd E|Ste 605|Tuscaloosa|AL|35404|342-1484
7763|undefined|4003|YoMo Raleigh|8107 Creedmoor Road|Ste 110|Raleigh|NC|27613|
7763|undefined|4004|YoMo Duluth, GA|11720 Medlock Bridge Road|Ste 162|Duluth|GA|30097|
7763|undefined|4005|YoMo Greenville, SC-The Point|1140 Woodruff Road||Greenville|SC|29607|
7763|undefined|4006|YoMo Clearwater, FL|2719 Gulf to Bay Blvd|Ste 1145|Clearwater|FL|33764|797-4931
7763|undefined|4007|YoMo Tampa, FL|12827 North Dale Mabry Hwy||Tampa|FL|33618|968-2459
7763|undefined|4008|YoMo Memphis,TN-Ridgeway Trace|5959 Poplar Avenue||Memphis|TN|38119|901-684-6282
7763|undefined|4009|YoMo Charleston, SC|343 King Street||Charleston|SC|29401|
7763|undefined|4010|YoMo Greenville, SC - Cherryda|3220 North Pleasantburg Drive||Greenville|SC|29609|864-232-2505
7763|undefined|4011|YoMo Little Rock, AR|12319 Chenal Pkwy||Little Rock|AR|72211|
7763|undefined|4012|YoMo Anderson, SC|3188 North Main Street||Anderson|SC|29621|
7763|undefined|4013|YoMo Memphis, TN|465 N Germantown Pkwy||Memphis|TN|38018|
7763|undefined|4014|YoMo Trussville, AL|1644 Gadsden Highway|Suite 100|Trussville|AL|35173|205-655-0150
7763|undefined|4015|YoMo Bradenton, FL|1526 Cortez Road West||Bradenton|FL|34205|941-755-7893
7763|undefined|4016|YoMo Destin, FL|985 Highway 98 East||Destin|FL|32541|850-650-2059
7763|undefined|4017|YoMo Ft Myers, FL|Coconut Pointe Town Center #46|Ste #E15B|Bonita Springs|FL|34133|
7763|undefined|4018|YoMo Huntsville, AL|2710 Carl T Jones Drive|Suite G|Huntsville|AL|35801|256-881-1677
7763|undefined|4019|YoMo Spartanburg, SC|1490 WO Ezell Blvd|Suite B|Spartanburg|SC|29301|864-576-1521
7763|undefined|4020|YoMo Bel Air, MD|1437 Rock Spring Road||Bel Air|MD|21014|
7763|undefined|4021|YoMo Florence, AL|240 Cox Creek Parkway||Florence|AL|35071|256-349-5909
7763|undefined|4022|YoMo Jacksonville, FL-Mandarin|11700 San Jose Boulevard Unit 27||Jacksonville|FL|32223|904-551-9864
7763|undefined|4023|4023 Jacksonville, FL YOMO|4906 Town Center Parkway|Suite 406|Jacksonville|FL|32246|904-551-9862
7763|undefined|4024|4024 YOMO Tallahassee, FL|1801 W. Tennessee St.|Suite 2|Tallahassee|FL|32304|850-765-0229
7763|undefined|6||602 JOHN ALDRIDGE DRIVE||TUSCUMBIA|AL|35674|
7763|undefined|BAM|BAM|402 Industrial Lane||Birmingham|AL|35211|
7763|undefined|SP2NC|Special Project/Labeling|4350 Bryson Blvd||Florence|AL|FLORENCE|
